P12 Module,TFIDF,W2V,SpaCy,FastText
src,0.5704031973171393,0.7544978857040405,0.8797295217785183,0.8974832892417908
