P13 Module,TFIDF,W2V,SpaCy,FastText
src,0.7053218437931073,0.9422967433929443,0.963136225004141,0.9781165719032288
