P15 Module,TFIDF,W2V,SpaCy,FastText
src,0.055141958794537226,0.5254843235015869,0.7327685266968184,0.8538672924041748
